All colors,238 colors,
$\color{#ffffff}$ 600,
$\color{#0192c4}$ 601,
$\color{#43d4af}$ 602,
$\color{#ffcb3e}$ 603,
$\color{#ff862f}$ 604,
$\color{#e84346}$ 605,
$\color{#ee719f}$ 606,
$\color{#5d509a}$ 607,
$\color{#1b4982}$ 608,
$\color{#0a7454}$ 609,
$\color{#929a90}$ 610,
$\color{#000000}$ 611,
$\color{#ff8b8f}$ 612,
$\color{#523077}$ 613,
$\color{#5bc071}$ 614,
$\color{#ffc500}$ 615,
$\color{#016479}$ 616,
$\color{#264b68}$ 617,
$\color{#ef8421}$ 618,
$\color{#de6c59}$ 619,
$\color{#8e4b35}$ 620,
$\color{#1085c2}$ 621,
$\color{#6f9c74}$ 622,
$\color{#a679c0}$ 623,
$\color{#ffd1c7}$ 624,
$\color{#f9bf7d}$ 625,
$\color{#fff1b0}$ 626,
$\color{#e2ffba}$ 627,
$\color{#b0ddcd}$ 628,
$\color{#c2b7d6}$ 629,
$\color{#edb39c}$ 630,
$\color{#e56725}$ 631,
$\color{#f4553b}$ 632,
$\color{#7f9c95}$ 633,
$\color{#717d31}$ 634,
$\color{#c5a6d0}$ 635,
$\color{#017993}$ 636,
$\color{#a29c6c}$ 637,
$\color{#c5b189}$ 638,
$\color{#9b542a}$ 639,
$\color{#c3ad59}$ 640,
$\color{#88a280}$ 641,
$\color{#6d6240}$ 642,
$\color{#7a4b19}$ 643,
$\color{#d87538}$ 644,
$\color{#e9c46e}$ 645,
$\color{#ebd8a4}$ 646,
$\color{#bdb429}$ 647,
$\color{#e7e750}$ 648,
$\color{#ffa861}$ 649,
$\color{#2c6ba2}$ 650,
$\color{#8985c8}$ 651,
$\color{#e6d26b}$ 652,
$\color{#0bc0b5}$ 653,
$\color{#ebaf84}$ 654,
$\color{#ff98bc}$ 655,
$\color{#ffc249}$ 656,
$\color{#b6b02b}$ 657,
$\color{#ffb6cb}$ 658,
$\color{#346293}$ 659,
$\color{#ffffff}$ 660,
$\color{#ffffff}$ 661,
$\color{#a2e968}$ 662,
$\color{#ff7a3e}$ 663,
$\color{#e82525}$ 664,
$\color{#61962d}$ 665,
$\color{#c7317f}$ 666,
$\color{#ff7056}$ 667,
$\color{#61b54f}$ 668,
$\color{#add963}$ 669,
$\color{#7a92d0}$ 670,
$\color{#e54c6f}$ 671,
$\color{#ad4634}$ 672,
$\color{#21386d}$ 673,
$\color{#c14c54}$ 674,
$\color{#8a4f6b}$ 675,
$\color{#5f7d3f}$ 676,
$\color{#ff8b7e}$ 677,
$\color{#3e346b}$ 678,
$\color{#635146}$ 679,
$\color{#2e2f29}$ 680,
$\color{#aab3b3}$ 681,
$\color{#8b9a2c}$ 682,
$\color{#ffd58c}$ 683,
$\color{#ffb35c}$ 684,
$\color{#a5e691}$ 685,
$\color{#c8bda5}$ 686,
$\color{#74a722}$ 687,
$\color{#023038}$ 688,
$\color{#9ab3bd}$ 689,
$\color{#9daa92}$ 690,
$\color{#ff8675}$ 691,
$\color{#ff7e83}$ 692,
$\color{#485561}$ 693,
$\color{#67877a}$ 694,
$\color{#459c84}$ 695,
$\color{#a4b265}$ 696,
$\color{#5b5b37}$ 697,
$\color{#dbc5f9}$ 698,
$\color{#bf99e1}$ 699,
$\color{#f2e975}$ 700,
$\color{#ffdeac}$ 701,
$\color{#ffc18c}$ 702,
$\color{#ffd8bf}$ 703,
$\color{#ffffff}$ 704,
$\color{#a75264}$ 705,
$\color{#f8fff6}$ 706,
$\color{#f2de99}$ 707,
$\color{#80594b}$ 708,
$\color{#5d534f}$ 709,
$\color{#f16573}$ 710,
$\color{#eb7082}$ 711,
$\color{#ffffff}$ 712,
$\color{#ff6883}$ 713,
$\color{#e54266}$ 714,
$\color{#f54848}$ 715,
$\color{#ffbfbf}$ 716,
$\color{#ffc174}$ 717,
$\color{#ffffff}$ 718,
$\color{#ffeabf}$ 719,
$\color{#ffe3b2}$ 720,
$\color{#ffedda}$ 721,
$\color{#0ab8c2}$ 722,
$\color{#ffc6ca}$ 723,
$\color{#ffe2ca}$ 724,
$\color{#fd8724}$ 725,
$\color{#913973}$ 726,
$\color{#c4c356}$ 727,
$\color{#178f54}$ 728,
$\color{#ebd58e}$ 729,
$\color{#feffd3}$ 730,
$\color{#c6a87a}$ 731,
$\color{#fef4a1}$ 732,
$\color{#feeb79}$ 733,
$\color{#ffcde2}$ 734,
$\color{#cad670}$ 735,
$\color{#edf9fb}$ 736,
$\color{#cbffec}$ 737,
$\color{#ffe8ce}$ 738,
$\color{#af5673}$ 739,
$\color{#1f8c29}$ 740,
$\color{#9f8a2e}$ 741,
$\color{#635aa5}$ 742,
$\color{#61509c}$ 743,
$\color{#f3dfee}$ 744,
$\color{#8ba4d9}$ 745,
$\color{#485d82}$ 746,
$\color{#69788b}$ 747,
$\color{#4791ac}$ 748,
$\color{#7393b6}$ 749,
$\color{#7c929f}$ 750,
$\color{#eedabf}$ 751,
$\color{#f0c6b9}$ 752,
$\color{#efd3b2}$ 753,
$\color{#f6b69a}$ 754,
$\color{#ed9372}$ 755,
$\color{#ce785c}$ 756,
$\color{#c89157}$ 757,
$\color{#b48260}$ 758,
$\color{#8d766c}$ 759,
$\color{#d31800}$ 760,
$\color{#fd919b}$ 761,
$\color{#ffffff}$ 762,
$\color{#28293f}$ 763,
$\color{#383856}$ 764,
$\color{#feff76}$ 765,
$\color{#fefaae}$ 766,
$\color{#789f9f}$ 767,
$\color{#c6dee0}$ 768,
$\color{#6f4645}$ 769,
$\color{#ac7b82}$ 770,
$\color{#d8beb2}$ 771,
$\color{#da8e90}$ 772,
$\color{#caaec0}$ 773,
$\color{#3e7079}$ 774,
$\color{#cdd097}$ 775,
$\color{#624f4e}$ 776,
$\color{#ffe345}$ 777,
$\color{#763a6b}$ 778,
$\color{#533336}$ 779,
$\color{#793027}$ 780,
$\color{#b42b3b}$ 781,
$\color{#ff4124}$ 782,
$\color{#ff6023}$ 783,
$\color{#db442c}$ 784,
$\color{#ef6c37}$ 785,
$\color{#ff9e17}$ 786,
$\color{#e8d840}$ 787,
$\color{#aa9f47}$ 788,
$\color{#615942}$ 789,
$\color{#6c6c30}$ 790,
$\color{#374131}$ 791,
$\color{#83a085}$ 792,
$\color{#7f7e37}$ 793,
$\color{#088143}$ 794,
$\color{#406658}$ 795,
$\color{#41633e}$ 796,
$\color{#245d56}$ 797,
$\color{#327785}$ 798,
$\color{#0c9883}$ 799,
$\color{#39665b}$ 800,
$\color{#ebeae6}$ 801,
$\color{#ffaf26}$ 802,
$\color{#dddcd5}$ 803,
$\color{#cdcdcd}$ 804,
$\color{#787878}$ 805,
$\color{#4a5765}$ 806,
$\color{#2b2b2b}$ 807,
$\color{#533f4f}$ 808,
$\color{#d7ffea}$ 809,
$\color{#f0d690}$ 810,
$\color{#d8b669}$ 811,
$\color{#c0983d}$ 812,
$\color{#ecb421}$ 813,
$\color{#ffaa49}$ 814,
$\color{#f1b549}$ 815,
$\color{#c59a4f}$ 816,
$\color{#d69735}$ 817,
$\color{#e5fff9}$ 818,
$\color{#73d9da}$ 819,
$\color{#36a9ab}$ 820,
$\color{#dbffff}$ 821,
$\color{#9fe0fa}$ 822,
$\color{#1c8a95}$ 823,
$\color{#084954}$ 824,
$\color{#d3c8dd}$ 825,
$\color{#c8b7d4}$ 826,
$\color{#9297b9}$ 827,
$\color{#fffffe}$ 0,
$\color{#fffffe}$ 0,
$\color{#98569e}$ 832,
$\color{#c1609f}$ 833,
$\color{#fffaf4}$ 836,
$\color{#ffe8e4}$ 837,
$\color{#fffffe}$ 0,
$\color{#fffffe}$ 0,
$\color{#fffffe}$ 0,
$\color{#fffffe}$ 0,
$\color{#fffffe}$ 0,
$\color{#b06452}$ 869,
$\color{#ffd2ce}$ 872,
$\color{#ffc0c3}$ 873,