All colors,171 colors,
$\color{#fbdae0}$ 801, $\color{#fbdae0}$ 801, $\color{#fbdae0}$ 801
$\color{#f3b4cd}$ 802, $\color{#f3b4cd}$ 802, $\color{#f3b4cd}$ 802
$\color{#ee7aa4}$ 803, $\color{#ee7aa4}$ 803, $\color{#ee7aa4}$ 803
$\color{#e9559a}$ 804, $\color{#e9559a}$ 804, $\color{#e9559a}$ 804
$\color{#bd4180}$ 805, $\color{#bd4180}$ 805, $\color{#bd4180}$ 805
$\color{#db2a6b}$ 806, $\color{#db2a6b}$ 806, $\color{#db2a6b}$ 806
$\color{#c2375f}$ 807, $\color{#c2375f}$ 807, $\color{#c2375f}$ 807
$\color{#8a1c4a}$ 808, $\color{#8a1c4a}$ 808, $\color{#8a1c4a}$ 808
$\color{#641434}$ 809, $\color{#641434}$ 809, $\color{#641434}$ 809
$\color{#f7e7da}$ 701, $\color{#f7e7da}$ 701, $\color{#f7e7da}$ 701
$\color{#e3d9cf}$ 702, $\color{#e3d9cf}$ 702, $\color{#e3d9cf}$ 702
$\color{#d8c4a4}$ 703, $\color{#d8c4a4}$ 703, $\color{#d8c4a4}$ 703
$\color{#d4b08c}$ 704, $\color{#d4b08c}$ 704, $\color{#d4b08c}$ 704
$\color{#b98d6a}$ 705, $\color{#b98d6a}$ 705, $\color{#b98d6a}$ 705
$\color{#8b6f58}$ 706, $\color{#8b6f58}$ 706, $\color{#8b6f58}$ 706
$\color{#80492c}$ 707, $\color{#80492c}$ 707, $\color{#80492c}$ 707
$\color{#594537}$ 708, $\color{#594537}$ 708, $\color{#594537}$ 708
$\color{#401c0d}$ 709, $\color{#401c0d}$ 709, $\color{#401c0d}$ 709
$\color{#f6cdd0}$ 601, $\color{#f6cdd0}$ 601, $\color{#f6cdd0}$ 601
$\color{#f7f065}$ 602, $\color{#f7f065}$ 602, $\color{#f7f065}$ 602
$\color{#c2da62}$ 603, $\color{#c2da62}$ 603, $\color{#c2da62}$ 603
$\color{#71c0ec}$ 604, $\color{#71c0ec}$ 604, $\color{#71c0ec}$ 604
$\color{#a09ace}$ 605, $\color{#a09ace}$ 605, $\color{#a09ace}$ 605
$\color{#f8ad13}$ 606, $\color{#f8ad13}$ 606, $\color{#f8ad13}$ 606
$\color{#ef8997}$ 607, $\color{#ef8997}$ 607, $\color{#ef8997}$ 607
$\color{#c7a963}$ 608, $\color{#c7a963}$ 608, $\color{#c7a963}$ 608
$\color{#c5c5c5}$ 609, $\color{#c5c5c5}$ 609, $\color{#c5c5c5}$ 609
$\color{#fcf2f8}$ 501, $\color{#fcf2f8}$ 501, $\color{#fcf2f8}$ 501
$\color{#fbe6e8}$ 502, $\color{#fbe6e8}$ 502, $\color{#fbe6e8}$ 502
$\color{#fef3e2}$ 503, $\color{#fef3e2}$ 503, $\color{#fef3e2}$ 503
$\color{#fde2c4}$ 504, $\color{#fde2c4}$ 504, $\color{#fde2c4}$ 504
$\color{#fde9dd}$ 505, $\color{#fde9dd}$ 505, $\color{#fde9dd}$ 505
$\color{#fbd9ce}$ 506, $\color{#fbd9ce}$ 506, $\color{#fbd9ce}$ 506
$\color{#f4b19a}$ 507, $\color{#f4b19a}$ 507, $\color{#f4b19a}$ 507
$\color{#ee9eb0}$ 508, $\color{#ee9eb0}$ 508, $\color{#ee9eb0}$ 508
$\color{#ce9c89}$ 509, $\color{#ce9c89}$ 509, $\color{#ce9c89}$ 509
$\color{#ffffff}$ 401, $\color{#ffffff}$ 401, $\color{#ffffff}$ 401
$\color{#d4d4d6}$ 402, $\color{#d4d4d6}$ 402, $\color{#d4d4d6}$ 402
$\color{#a0a0a0}$ 403, $\color{#a0a0a0}$ 403, $\color{#a0a0a0}$ 403
$\color{#666364}$ 404, $\color{#666364}$ 404, $\color{#666364}$ 404
$\color{#201716}$ 405, $\color{#201716}$ 405, $\color{#201716}$ 405
$\color{#644741}$ 406, $\color{#644741}$ 406, $\color{#644741}$ 406
$\color{#a89c92}$ 407, $\color{#a89c92}$ 407, $\color{#a89c92}$ 407
$\color{#d4c9ba}$ 408, $\color{#d4c9ba}$ 408, $\color{#d4c9ba}$ 408
$\color{#eae0d6}$ 409, $\color{#eae0d6}$ 409, $\color{#eae0d6}$ 409
$\color{#e2d6ea}$ 301, $\color{#e2d6ea}$ 301, $\color{#e2d6ea}$ 301
$\color{#c4a8c9}$ 302, $\color{#c4a8c9}$ 302, $\color{#c4a8c9}$ 302
$\color{#ae81a9}$ 303, $\color{#ae81a9}$ 303, $\color{#ae81a9}$ 303
$\color{#6d66ac}$ 304, $\color{#6d66ac}$ 304, $\color{#6d66ac}$ 304
$\color{#533f85}$ 305, $\color{#533f85}$ 305, $\color{#533f85}$ 305
$\color{#924299}$ 306, $\color{#924299}$ 306, $\color{#924299}$ 306
$\color{#c34b98}$ 307, $\color{#c34b98}$ 307, $\color{#c34b98}$ 307
$\color{#e8619e}$ 308, $\color{#e8619e}$ 308, $\color{#e8619e}$ 308
$\color{#edb5cc}$ 309, $\color{#edb5cc}$ 309, $\color{#edb5cc}$ 309
$\color{#d7ecf3}$ 201, $\color{#d7ecf3}$ 201, $\color{#d7ecf3}$ 201
$\color{#abd9e7}$ 202, $\color{#abd9e7}$ 202, $\color{#abd9e7}$ 202
$\color{#67b2bf}$ 203, $\color{#67b2bf}$ 203, $\color{#67b2bf}$ 203
$\color{#bce1f7}$ 204, $\color{#bce1f7}$ 204, $\color{#bce1f7}$ 204
$\color{#83bee7}$ 205, $\color{#83bee7}$ 205, $\color{#83bee7}$ 205
$\color{#528fc8}$ 206, $\color{#528fc8}$ 206, $\color{#528fc8}$ 206
$\color{#3407b}$ 207 , $\color{#3407b}$  207, $\color{#3407b}$  207 
$\color{#4d6aa4}$ 208, $\color{#4d6aa4}$ 208, $\color{#4d6aa4}$ 208
$\color{#17318c}$ 209, $\color{#17318c}$ 209, $\color{#17318c}$ 209
$\color{#e9f1e7}$ 101, $\color{#e9f1e7}$ 101, $\color{#e9f1e7}$ 101
$\color{#d3e8d3}$ 102, $\color{#d3e8d3}$ 102, $\color{#d3e8d3}$ 102
$\color{#aed4b3}$ 103, $\color{#aed4b3}$ 103, $\color{#aed4b3}$ 103
$\color{#d8e482}$ 104, $\color{#d8e482}$ 104, $\color{#d8e482}$ 104
$\color{#a3bf76}$ 105, $\color{#a3bf76}$ 105, $\color{#a3bf76}$ 105
$\color{#7cb675}$ 106, $\color{#7cb675}$ 106, $\color{#7cb675}$ 106
$\color{#539866}$ 107, $\color{#539866}$ 107, $\color{#539866}$ 107
$\color{#9856d}$ 108 , $\color{#9856d}$  108, $\color{#9856d}$  108 
$\color{#3d6050}$ 109, $\color{#3d6050}$ 109, $\color{#3d6050}$ 109
$\color{#fffabc}$ 1  , $\color{#fffabc}$   1, $\color{#fffabc}$   1  
$\color{#ffef03}$ 2  , $\color{#ffef03}$   2, $\color{#ffef03}$   2  
$\color{#feca03}$ 3  , $\color{#feca03}$   3, $\color{#feca03}$   3  
$\color{#f28f0a}$ 4  , $\color{#f28f0a}$   4, $\color{#f28f0a}$   4  
$\color{#e8532f}$ 5  , $\color{#e8532f}$   5, $\color{#e8532f}$   5  
$\color{#e71a19}$ 6  , $\color{#e71a19}$   6, $\color{#e71a19}$   6  
$\color{#992120}$ 7  , $\color{#992120}$   7, $\color{#992120}$   7  
$\color{#7b2e1f}$ 8  , $\color{#7b2e1f}$   8, $\color{#7b2e1f}$   8  
$\color{#9a5433}$ 9  , $\color{#9a5433}$   9, $\color{#9a5433}$   9  
$\color{#276260}$ 901, $\color{#276260}$ 901, $\color{#276260}$ 901
$\color{#154958}$ 902, $\color{#154958}$ 902, $\color{#154958}$ 902
$\color{#5b634c}$ 903, $\color{#5b634c}$ 903, $\color{#5b634c}$ 903
$\color{#5f4963}$ 904, $\color{#5f4963}$ 904, $\color{#5f4963}$ 904
$\color{#7b5b6b}$ 905, $\color{#7b5b6b}$ 905, $\color{#7b5b6b}$ 905
$\color{#703e3b}$ 906, $\color{#703e3b}$ 906, $\color{#703e3b}$ 906
$\color{#534636}$ 907, $\color{#534636}$ 907, $\color{#534636}$ 907
$\color{#364161}$ 908, $\color{#364161}$ 908, $\color{#364161}$ 908
$\color{#67687c}$ 909, $\color{#67687c}$ 909, $\color{#67687c}$ 909
$\color{#faf0e6}$ 141, $\color{#faf0e6}$ 141, $\color{#faf0e6}$ 141
$\color{#f5e9d0}$ 142, $\color{#f5e9d0}$ 142, $\color{#f5e9d0}$ 142
$\color{#f1ddbd}$ 143, $\color{#f1ddbd}$ 143, $\color{#f1ddbd}$ 143
$\color{#fdedee}$ 144, $\color{#fdedee}$ 144, $\color{#fdedee}$ 144
$\color{#facfbd}$ 145, $\color{#facfbd}$ 145, $\color{#facfbd}$ 145
$\color{#f7cac9}$ 146, $\color{#f7cac9}$ 146, $\color{#f7cac9}$ 146
$\color{#e4b5b0}$ 147, $\color{#e4b5b0}$ 147, $\color{#e4b5b0}$ 147
$\color{#c29f97}$ 148, $\color{#c29f97}$ 148, $\color{#c29f97}$ 148
$\color{#b57c6f}$ 149, $\color{#b57c6f}$ 149, $\color{#b57c6f}$ 149
$\color{#76c4be}$ 131, $\color{#76c4be}$ 131, $\color{#76c4be}$ 131
$\color{#9dc811}$ 132, $\color{#9dc811}$ 132, $\color{#9dc811}$ 132
$\color{#cddc03}$ 133, $\color{#cddc03}$ 133, $\color{#cddc03}$ 133
$\color{#fcef0b}$ 134, $\color{#fcef0b}$ 134, $\color{#fcef0b}$ 134
$\color{#f29b10}$ 135, $\color{#f29b10}$ 135, $\color{#f29b10}$ 135
$\color{#f098bf}$ 136, $\color{#f098bf}$ 136, $\color{#f098bf}$ 136
$\color{#bc93be}$ 137, $\color{#bc93be}$ 137, $\color{#bc93be}$ 137
$\color{#87d0f7}$ 138, $\color{#87d0f7}$ 138, $\color{#87d0f7}$ 138
$\color{#ed599d}$ 139, $\color{#ed599d}$ 139, $\color{#ed599d}$ 139
$\color{#f9c6ba}$ 111, $\color{#f9c6ba}$ 111, $\color{#f9c6ba}$ 111
$\color{#f0977e}$ 112, $\color{#f0977e}$ 112, $\color{#f0977e}$ 112
$\color{#e75849}$ 113, $\color{#e75849}$ 113, $\color{#e75849}$ 113
$\color{#e0191f}$ 114, $\color{#e0191f}$ 114, $\color{#e0191f}$ 114
$\color{#f3a9bd}$ 115, $\color{#f3a9bd}$ 115, $\color{#f3a9bd}$ 115
$\color{#e56a85}$ 116, $\color{#e56a85}$ 116, $\color{#e56a85}$ 116
$\color{#d9939b}$ 117, $\color{#d9939b}$ 117, $\color{#d9939b}$ 117
$\color{#c57567}$ 118, $\color{#c57567}$ 118, $\color{#c57567}$ 118
$\color{#b35661}$ 119, $\color{#b35661}$ 119, $\color{#b35661}$ 119
$\color{#fdf8a5}$ 121, $\color{#fdf8a5}$ 121, $\color{#fdf8a5}$ 121
$\color{#f4ee6c}$ 122, $\color{#f4ee6c}$ 122, $\color{#f4ee6c}$ 122
$\color{#fde124}$ 123, $\color{#fde124}$ 123, $\color{#fde124}$ 123
$\color{#fcca03}$ 124, $\color{#fcca03}$ 124, $\color{#fcca03}$ 124
$\color{#f7af04}$ 125, $\color{#f7af04}$ 125, $\color{#f7af04}$ 125
$\color{#f18026}$ 126, $\color{#f18026}$ 126, $\color{#f18026}$ 126
$\color{#d5aa44}$ 127, $\color{#d5aa44}$ 127, $\color{#d5aa44}$ 127
$\color{#cdb661}$ 128, $\color{#cdb661}$ 128, $\color{#cdb661}$ 128
$\color{#dfc877}$ 129, $\color{#dfc877}$ 129, $\color{#dfc877}$ 129
$\color{#dae6b7}$ 151, $\color{#dae6b7}$ 151, $\color{#dae6b7}$ 151
$\color{#bed0a8}$ 152, $\color{#bed0a8}$ 152, $\color{#bed0a8}$ 152
$\color{#a1bf85}$ 153, $\color{#a1bf85}$ 153, $\color{#a1bf85}$ 153
$\color{#8c9c60}$ 154, $\color{#8c9c60}$ 154, $\color{#8c9c60}$ 154
$\color{#6dac89}$ 155, $\color{#6dac89}$ 155, $\color{#6dac89}$ 155
$\color{#739f7e}$ 156, $\color{#739f7e}$ 156, $\color{#739f7e}$ 156
$\color{#6e7440}$ 157, $\color{#6e7440}$ 157, $\color{#6e7440}$ 157
$\color{#4d663d}$ 158, $\color{#4d663d}$ 158, $\color{#4d663d}$ 158
$\color{#65732}$ 159 , $\color{#65732}$  159, $\color{#65732}$  159 
$\color{#acd8d7}$ 161, $\color{#acd8d7}$ 161, $\color{#acd8d7}$ 161
$\color{#a4cddd}$ 162, $\color{#a4cddd}$ 162, $\color{#a4cddd}$ 162
$\color{#9cbab9}$ 163, $\color{#9cbab9}$ 163, $\color{#9cbab9}$ 163
$\color{#8db9b5}$ 164, $\color{#8db9b5}$ 164, $\color{#8db9b5}$ 164
$\color{#699a9c}$ 165, $\color{#699a9c}$ 165, $\color{#699a9c}$ 165
$\color{#188889}$ 166, $\color{#188889}$ 166, $\color{#188889}$ 166
$\color{#15747d}$ 167, $\color{#15747d}$ 167, $\color{#15747d}$ 167
$\color{#46e83}$ 168 , $\color{#46e83}$  168, $\color{#46e83}$  168 
$\color{#1f5973}$ 169, $\color{#1f5973}$ 169, $\color{#1f5973}$ 169
$\color{#d0d2d4}$ 171, $\color{#d0d2d4}$ 171, $\color{#d0d2d4}$ 171
$\color{#bdc3c5}$ 172, $\color{#bdc3c5}$ 172, $\color{#bdc3c5}$ 172
$\color{#bccdd0}$ 173, $\color{#bccdd0}$ 173, $\color{#bccdd0}$ 173
$\color{#b6c3ac}$ 174, $\color{#b6c3ac}$ 174, $\color{#b6c3ac}$ 174
$\color{#9ba990}$ 175, $\color{#9ba990}$ 175, $\color{#9ba990}$ 175
$\color{#949d8c}$ 176, $\color{#949d8c}$ 176, $\color{#949d8c}$ 176
$\color{#c7beaf}$ 177, $\color{#c7beaf}$ 177, $\color{#c7beaf}$ 177
$\color{#c6a89c}$ 178, $\color{#c6a89c}$ 178, $\color{#c6a89c}$ 178
$\color{#a79385}$ 179, $\color{#a79385}$ 179, $\color{#a79385}$ 179
$\color{#eeb67c}$ 181, $\color{#eeb67c}$ 181, $\color{#eeb67c}$ 181
$\color{#ba8f65}$ 182, $\color{#ba8f65}$ 182, $\color{#ba8f65}$ 182
$\color{#9d7449}$ 183, $\color{#9d7449}$ 183, $\color{#9d7449}$ 183
$\color{#924d4e}$ 184, $\color{#924d4e}$ 184, $\color{#924d4e}$ 184
$\color{#bf7860}$ 185, $\color{#bf7860}$ 185, $\color{#bf7860}$ 185
$\color{#c79471}$ 186, $\color{#c79471}$ 186, $\color{#c79471}$ 186
$\color{#9e7356}$ 187, $\color{#9e7356}$ 187, $\color{#9e7356}$ 187
$\color{#83634c}$ 188, $\color{#83634c}$ 188, $\color{#83634c}$ 188
$\color{#665445}$ 189, $\color{#665445}$ 189, $\color{#665445}$ 189
$\color{#fffde7}$ 191, $\color{#fffde7}$ 191, $\color{#fffde7}$ 191
$\color{#edf5e0}$ 192, $\color{#edf5e0}$ 192, $\color{#edf5e0}$ 192
$\color{#ebf5ef}$ 193, $\color{#ebf5ef}$ 193, $\color{#ebf5ef}$ 193
$\color{#e6f5fb}$ 194, $\color{#e6f5fb}$ 194, $\color{#e6f5fb}$ 194
$\color{#f5f0f6}$ 195, $\color{#f5f0f6}$ 195, $\color{#f5f0f6}$ 195
$\color{#feece7}$ 196, $\color{#feece7}$ 196, $\color{#feece7}$ 196
$\color{#fef5e4}$ 197, $\color{#fef5e4}$ 197, $\color{#fef5e4}$ 197
$\color{#fef9e4}$ 198, $\color{#fef9e4}$ 198, $\color{#fef9e4}$ 198
$\color{#f7f2ef}$ 199, $\color{#f7f2ef}$ 199, $\color{#f7f2ef}$ 199
